三七,须,云南,45.00,50.00,--,55.00,55.00,55.00
蚕沙,统片,海南,5.00,--,4.50,--,5.00,5.00
西红花,统片,进口,6200.00,6200.00,6200.00,6300.00,6100.00,6100.00
西红花,一级,进口,7500.00,7500.00,7500.00,7800.00,7500.00,7500.00
西红花,二级,进口,6000.00,6200.00,6200.00,6300.00,6100.00,6100.00
五灵脂,米统片,陕西,43.00,44.00,44.00,44.00,44.00,45.00
五灵脂,糖统片,新疆,35.00,33.00,32.00,33.00,32.00,33.00
茯苓,丁,安徽,36.00,36.00,37.00,36.00,36.00,37.00
茯苓,片,安徽,33.00,32.50,33.00,33.00,33.00,32.00
茯苓,块,安徽,32.00,31.00,31.00,31.00,31.00,--
大血藤,统片,广西,7.50,--,8.00,8.00,8.00,8.00
银柴胡,统片,甘肃,68.00,65.00,65.00,65.00,65.00,70.00
银柴胡,选,甘肃,85.00,85.00,85.00,--,85.00,85.00
垂盆草,统片,浙江,13.00,13.00,14.00,14.00,13.00,14.00
垂盆草,水洗,浙江,15.00,16.00,16.00,16.00,16.00,--
穿心莲叶,统片,湖北,17.00,17.00,18.00,18.00,17.50,18.00
西青果,统片,进口,26.00,--,--,31.00,31.00,--
青黛,统片,福建,55.00,--,--,--,70.00,70.00
白石英,统片,河南,4.00,--,4.00,3.50,4.00,--
奶母果,统片,广西,16.00,--,18.50,--,18.00,--
百合,统片,湖南,25.00,22.00,21.00,21.00,23.00,24.00
百合,优质,甘肃,65.00,60.00,60.00,60.00,65.00,65.00
白鲜皮,统片,东北,170.00,150.00,150.00,150.00,155.00,150.00
白鲜皮,统片,进口,120.00,--,105.00,--,110.00,--
麦芽,统片,安徽,4.50,5.00,4.50,4.50,4.50,5.00
凤尾草,统片,湖北,7.00,7.00,7.00,6.50,6.50,7.00
鹅不食草,统片,江西,13.00,15.00,15.00,14.00,15.00,14.00
天冬,大,广西,55.00,56.00,57.00,55.00,62.00,55.00
天冬,小,广西,43.00,44.00,43.00,41.00,44.00,44.00
海桐皮,统片,浙江,6.00,6.50,7.00,6.50,6.50,7.50
海龙,刁,广东,15000.00,15000.00,15000.00,15000.00,15000.00,15500.00
海龙,尖,广东,900.00,950.00,900.00,850.00,900.00,900.00
海龙,拟,广东,1000.00,1100.00,1000.00,--,1000.00,--
海金沙,统片,江西,225.00,225.00,230.00,225.00,230.00,225.00
海风藤,统片,四川,9.00,--,9.00,10.50,10.50,10.00
红曲米,统片,安徽,15.00,--,--,--,13.00,--
红旱莲,统片,河南,10.00,--,--,--,8.00,--
黑豆衣,统片,东北,14.00,--,--,--,15.00,15.00
南鹤虱,统片,较广,6.00,7.00,8.00,5.50,7.00,--
洋金花,统片,国产,43.00,--,43.00,--,43.00,--
桔梗,统片,安徽,34.00,33.00,34.00,33.00,34.00,34.00
桔梗,统片,内蒙古,31.00,31.00,32.00,31.00,32.00,32.00
桔梗,选,安徽,42.00,--,41.00,41.00,43.00,41.00
荔枝核,统片,广西,14.00,15.00,15.00,15.00,15.00,15.00
八角茴香,统片,广西,62.00,62.00,62.00,60.00,62.00,62.00
连翘,黄统片,河南,100.00,100.00,100.00,100.00,100.00,100.00
连翘,青生晒,河南,120.00,110.00,110.00,110.00,110.00,110.00
连翘,青水煮,河南,135.00,140.00,140.00,140.00,140.00,135.00
公丁香,大丁,进口,60.00,60.00,57.00,58.00,59.00,59.00
黄芩,家种,甘肃,18.00,18.00,18.00,18.00,18.50,18.00
黄芩,枯芩,内蒙古,34.00,35.00,--,33.00,33.00,32.00
黄芩,条芩,河北,21.00,22.00,--,--,22.00,21.00
黄芩,统片,山西,20.00,20.00,20.00,19.00,19.50,19.00
黄芩,选,山西,24.00,--,--,23.00,22.00,22.00
蜈蚣,大,湖北,3.40,3.30,3.30,3.30,3.30,3.30
蜈蚣,皮,湖北,2350.00,--,2350.00,--,2350.00,--
蜈蚣,小,湖北,1.80,1.80,1.80,1.80,1.40,1.80
蜈蚣,中,湖北,2.80,2.80,2.80,2.80,2.40,2.90
蜈蚣,爪,湖北,750.00,750.00,780.00,--,750.00,700.00
龙骨,白龙骨,宁夏,130.00,--,--,--,130.00,--
酸枣仁,95货,河北,560.00,550.00,530.00,520.00,530.00,560.00
首乌藤,统片,四川,12.00,11.00,--,12.00,11.00,12.00
石上柏,统片,浙江,10.00,--,10.50,10.00,10.00,10.50
石楠叶,统片,广西,14.00,13.00,--,11.00,12.00,13.00
鸦胆子,大粒,海南,9.00,10.00,9.00,10.00,9.50,10.00
鸦胆子,小粒,海南,8.00,--,7.00,--,8.00,8.00
鬼箭羽,统片,湖北,100.00,110.00,100.00,100.00,100.00,110.00
朱砂,统片,贵州,480.00,470.00,510.00,470.00,480.00,510.00
苍术,光,内蒙古,180.00,180.00,180.00,180.00,180.00,185.00
苍术,半撞皮,内蒙古,150.00,150.00,150.00,145.00,150.00,155.00
槟榔,统片,进口,19.00,19.00,16.00,16.00,19.00,16.00
樟木,统片,浙江,8.60,8.00,8.00,--,8.00,7.50
无花果,统片,四川,26.00,26.00,26.00,26.00,35.00,28.00
乌药,统片,浙江,18.00,17.50,17.50,18.00,18.00,18.00
谷精草,统片,江苏,18.00,14.00,15.00,15.00,14.00,16.00
薤白,统片,山东,33.00,34.00,36.00,34.00,35.00,34.00
薤白,统片,陕西,34.00,34.00,34.00,34.00,35.00,34.00
丝瓜络,统片,浙江,65.00,65.00,63.00,--,65.00,65.00
赤小豆,统片,安徽,11.00,12.50,12.50,12.00,12.50,12.50
秦皮,统片,陕西,6.00,--,6.80,6.80,6.50,6.50
半夏,统片,甘肃,75.00,80.00,80.00,80.00,80.00,75.00
半夏,统片,贵州,90.00,100.00,--,100.00,100.00,100.00
苏败酱,统片,安徽,10.00,10.00,10.00,9.50,12.00,10.00
藕节,统片,湖南,12.00,12.00,12.00,12.50,11.00,11.00
牛膝,二肥,河南,43.00,43.00,42.00,43.00,42.00,42.00
牛膝,平条,河南,38.00,38.00,38.00,38.00,38.00,38.00
牛膝,头肥,河南,48.00,50.00,50.00,50.00,49.00,50.00
牛蒡根,统片,甘肃,7.00,7.00,--,--,7.50,--
南沙参,统片,进口,70.00,--,--,--,85.00,--
南沙参,统片,甘肃,70.00,70.00,85.00,70.00,90.00,90.00
南沙参,撞皮,进口,150.00,--,--,--,160.00,--
穿山龙,统片,吉林,15.00,14.00,13.50,14.00,14.00,14.50
附子,白附片,四川,65.00,65.00,60.00,65.00,65.00,60.00
附子,盐附子,四川,50.00,50.00,45.00,45.00,50.00,50.00
附子,黑顺片,四川,60.00,55.00,55.00,50.00,60.00,55.00
大皂角,统片,陕西,8.50,8.00,7.00,7.00,7.00,--
薏苡仁,大粒,进口,10.50,10.00,10.00,10.00,10.00,10.50
薏苡仁,统片,贵州,12.50,12.20,12.00,12.20,12.00,12.50
穿心莲,全棵,湖北,8.00,7.00,7.50,--,7.50,7.50
紫苏子,大,山西,30.00,30.00,30.00,30.00,31.00,30.00
白苏子,统片,江苏,35.00,--,--,--,35.00,--
荞麦,统片,东北,7.50,--,--,--,8.00,--
苍耳草,统片,安徽,3.00,--,--,--,3.20,--
望月砂,统片,湖北,6.50,--,--,--,7.00,--
瓦松,根,河北,25.00,--,--,--,22.00,--
瓦松,水洗,河北,22.00,--,--,--,20.00,--
瓦松,统片,河北,18.00,--,--,--,15.00,--
刺梨,统片,广西,35.00,--,--,--,30.00,--
南败酱,统片,河北,6.00,--,--,--,6.50,--
木通,三叶木通,河南,6.00,--,--,--,6.00,--
马兜铃,统片,东北,12.00,--,--,--,12.00,--
金钱草,统片,四川,12.00,12.00,12.00,--,12.00,12.00
金礞石,统片,湖南,2.00,2.00,2.00,--,2.50,2.50
金橘叶,统片,浙江,5.00,5.00,--,--,4.80,--
苦荞麦,统片,东北,10.00,--,--,--,10.00,--
木瓜,皱,四川,25.00,25.00,25.00,25.00,24.00,25.00
木瓜,皱,湖北,28.00,28.00,28.00,28.00,28.00,28.00
木瓜,光,河南,7.00,5.00,5.00,5.00,5.00,5.00
白参,统片,吉林,350.00,350.00,370.00,370.00,360.00,360.00
白参,全须,吉林,320.00,310.00,--,340.00,330.00,325.00
龙骨,土龙骨,山西,120.00,120.00,--,110.00,125.00,110.00
龙骨,五花龙骨,宁夏,580.00,--,--,--,580.00,--
龙骨,五花龙骨,山西,450.00,350.00,--,350.00,350.00,350.00
瓜蒌子,统片,河北,30.00,30.00,30.00,30.00,30.00,30.00
瓜蒌子,统片,江苏,30.00,30.00,30.00,25.00,30.00,30.00
瓜蒌皮,统片,河北,40.00,40.00,40.00,39.00,37.00,35.00
锁阳,统片,内蒙古,47.00,47.00,47.00,47.00,47.00,46.00
白豆蔻,统片,海南,50.00,48.00,50.00,50.00,50.00,49.00
金银花,青花,河北,155.00,150.00,155.00,155.00,155.00,150.00
金银花,统片,河北,145.00,140.00,150.00,145.00,140.00,140.00
金银花,统片,河南,145.00,140.00,150.00,150.00,145.00,150.00
金银花,统片,湖南,65.00,--,70.00,70.00,65.00,70.00
金银花,统片,山东,125.00,120.00,140.00,125.00,125.00,125.00
金银花,茶花,湖南,75.00,80.00,80.00,80.00,70.00,80.00
苦楝皮,统片,四川,5.00,--,5.00,--,4.50,--
苦地丁,统片,河北,9.50,9.00,8.50,9.50,9.50,9.50
瞿麦,统片,湖南,14.50,13.50,13.50,14.00,14.00,13.50
百合花,统片,湖南,35.00,32.00,39.00,39.00,40.00,32.00
百合,统片,甘肃,55.00,--,--,--,50.00,--
百合,统片,安徽,24.00,19.00,18.00,18.00,21.00,21.00
乌梢蛇,统片,四川,660.00,660.00,670.00,670.00,670.00,780.00
地黄,1-2级,河南,52.00,52.00,52.00,52.00,52.00,52.00
地黄,3-4级,河南,47.00,47.00,47.00,48.00,46.00,47.00
地黄,统片,河南,41.00,43.00,41.00,42.00,42.00,42.00
地黄,统片,山西,41.00,--,--,42.00,42.00,42.00
太子参,统片,安徽,50.00,50.00,50.00,50.00,55.00,50.00
太子参,统片,福建,50.00,50.00,50.00,50.00,56.00,50.00
太子参,统片,贵州,51.00,52.00,52.00,52.00,57.00,52.00
太子参,选,贵州,90.00,--,90.00,--,95.00,90.00
西洋参,短支7g,进口,550.00,650.00,--,700.00,600.00,650.00
西洋参,长支10,进口,750.00,700.00,--,750.00,750.00,700.00
西洋参,短支5g,吉林,350.00,400.00,--,480.00,400.00,480.00
西洋参,短支5g,进口,550.00,650.00,--,650.00,650.00,650.00
西洋参,统片,吉林,350.00,400.00,400.00,450.00,400.00,450.00
西洋参,统片,进口,500.00,600.00,600.00,650.00,500.00,600.00
地龙,全开,广西,245.00,--,245.00,240.00,240.00,240.00
地龙,全开,上海,210.00,--,--,--,210.00,--
地龙,统片,广西,175.00,195.00,175.00,175.00,170.00,180.00
地龙,统片,上海,160.00,--,165.00,--,160.00,160.00
桔梗,带皮,安徽,25.00,--,25.00,25.00,26.00,25.00
石菖蒲,统片,湖北,70.00,65.00,70.00,68.00,65.00,70.00
石菖蒲,统片,湖南,75.00,--,70.00,72.00,70.00,--
石菖蒲,统片,安徽,75.00,75.00,75.00,76.00,75.00,75.00
沙苑子,水洗,陕西,90.00,--,--,--,85.00,--
沙苑子,统片,陕西,85.00,80.00,70.00,80.00,78.00,80.00
芦荟,统片,国产,22.00,--,--,--,--,--
芦荟,统片,进口,55.00,60.00,60.00,60.00,60.00,60.00
蕲蛇,统片,四川,2000.00,2000.00,1950.00,2000.00,2000.00,2000.00
北败酱,臭,湖北,5.50,5.80,--,6.00,7.00,6.00
北败酱,苣荬菜,河北,4.00,4.00,--,5.00,5.00,5.00
南五味子,统片,山西,63.00,63.00,63.00,68.00,65.00,65.00
桑白皮,统片,安徽,22.00,20.00,19.00,20.00,18.00,19.00
紫苏子,中,安徽,29.00,--,28.00,--,27.00,28.00
紫苏子,小,河南,20.00,20.00,19.00,18.00,18.00,18.00
五指毛桃,根,广西,45.00,--,--,35.00,45.00,45.00
穿破石,统片,安徽,12.00,--,--,12.00,12.00,--
秫米,统片,安徽,9.00,--,--,--,7.00,--
魔芋,统片,云南,42.00,--,--,--,42.00,--
刺五加,根片,东北,16.00,--,--,--,19.00,--
刺五加,枝片,东北,9.00,--,--,--,9.00,--
独一味,根,四川,70.00,--,--,--,76.00,--
独一味,叶,四川,18.00,--,--,--,20.00,--
八角枫,统片,广西,8.00,--,--,--,8.00,--
人中黄,统片,安徽,11.00,--,--,--,12.00,--
接骨木,选,江苏,12.00,--,--,--,12.00,--
绞股蓝,统片,安徽,4.50,--,--,6.00,5.00,6.00
紫荆皮,统片,国产,13.00,--,--,--,11.00,--
紫草茸,统片,云南,28.00,--,--,--,27.00,--
紫草,软,新疆,400.00,400.00,400.00,400.00,400.00,395.00
紫草,硬,进口,60.00,60.00,60.00,60.00,60.00,60.00
苦瓜,统片,广东,28.00,--,--,--,32.00,33.00
决明子,统片,安徽,8.50,7.50,7.50,7.50,7.50,7.50
广山药,统片,广西,35.00,--,30.00,32.00,30.00,32.00
柴胡苗,春苗,山西,5.00,4.80,4.90,--,4.80,--
柴胡苗,秋苗,山西,4.00,3.80,4.00,--,4.00,--
昆布,水洗,山东,35.00,--,34.00,34.00,35.00,35.00
昆布,统片,山东,18.00,10.00,18.00,18.00,18.00,18.00
土贝母,统片,甘肃,24.00,24.00,24.00,24.00,24.00,--
墨旱莲,统片,安徽,26.00,--,25.00,25.00,25.00,25.00
荆芥,统片,河北,31.00,28.00,32.00,32.00,32.00,32.00
荆芥穗,统片,河北,65.00,60.00,65.00,65.00,65.00,65.00
滑石粉,统片,山东,3.00,2.60,2.60,2.50,2.50,2.80
石膏,统片,湖北,3.00,2.60,2.50,2.60,3.00,2.80
夏天无,统片,江西,48.00,48.00,48.00,48.00,48.00,48.00
胖大海,长果,进口,98.00,--,100.00,95.00,100.00,100.00
胖大海,圆果,进口,74.00,--,72.00,72.00,74.00,73.00
冬葵子,统片,河南,7.00,--,--,9.00,9.00,9.00
桑白皮,色白,湖北,28.00,30.00,30.00,32.00,31.00,30.00
三七,120头,云南,110.00,115.00,120.00,120.00,125.00,125.00
三七,20头,云南,255.00,--,260.00,260.00,260.00,260.00
三七,40头,云南,150.00,150.00,170.00,160.00,170.00,160.00
三七,60头,云南,130.00,135.00,140.00,140.00,140.00,140.00
三七,80头,云南,125.00,130.00,135.00,135.00,135.00,130.00
三七,无数头,云南,105.00,105.00,115.00,110.00,115.00,110.00
三七,剪口,云南,180.00,180.00,190.00,190.00,185.00,180.00
喜树果,统片,广西,25.00,--,--,26.00,25.00,--
黑枸杞,统片,青海,80.00,80.00,80.00,85.00,80.00,80.00
艾叶,统片,河南,10.00,10.00,10.00,10.00,10.00,10.00
路路通,统片,安徽,9.00,8.80,5.00,8.80,8.80,8.50
延胡索,统片,陕西,90.00,93.00,93.00,93.00,93.00,93.00
亚麻子,统片,甘肃,8.00,--,8.00,--,8.00,8.00
亚麻子,统片,内蒙,8.00,--,--,--,9.00,--
鸭跖草,统片,安徽,3.00,3.80,4.00,--,3.50,--
苏木,统片,广东,13.00,13.00,13.00,13.00,13.00,11.00
水蛭,清水,江苏,1800.00,1740.00,1750.00,1780.00,1750.00,1750.00
水蛭,矾水,江苏,1280.00,1200.00,1200.00,1200.00,1000.00,1300.00
石榴皮,统片,江苏,6.00,6.00,5.50,6.00,5.50,6.00
鸡血藤,刨片,进口,11.50,11.00,11.00,11.00,11.00,11.00
鸡血藤,砍片,云南,7.00,--,7.00,7.00,7.00,--
黄连,单枝,四川,165.00,163.00,165.00,160.00,165.00,162.00
黄连,鸡爪,四川,155.00,152.00,155.00,151.00,155.00,152.00
苏合香,统片,进口,82.00,80.00,80.00,--,80.00,--
淡豆豉,统片,安徽,17.00,12.00,12.00,12.00,12.00,13.00
寒水石,统片,河南,3.00,--,3.00,3.00,3.00,--
远志,统片肉,山西,100.00,100.00,100.00,100.00,100.00,100.00
全蝎,清水,山西,2400.00,2300.00,2200.00,2200.00,2200.00,2200.00
全蝎,盐水,山西,1100.00,1100.00,1300.00,1200.00,1300.00,1200.00
决明子,统片,进口,6.00,--,6.00,6.50,6.00,6.00
决明子,包含量,安徽,11.00,11.00,10.50,10.00,10.50,10.50
远志,混级筒,山西,130.00,130.00,135.00,130.00,130.00,130.00
远志,一级筒,山西,180.00,190.00,--,180.00,185.00,185.00
甘草,毛条,甘肃,11.00,--,--,11.00,10.00,--
甘草,毛条,新疆,11.00,9.50,10.00,9.50,10.00,10.00
甘草,统片,甘肃,13.00,--,--,13.00,13.50,11.00
甘草,统片,新疆,18.00,18.00,18.00,18.00,15.00,18.00
川牛膝,统片,四川,20.00,21.00,21.00,22.00,22.00,20.00
川牛膝,统片,湖北,18.00,21.00,21.00,21.00,22.00,--
川楝子,统片,四川,3.00,3.00,3.00,3.50,3.30,3.50
川楝子,统片,云南,3.50,3.50,3.30,4.00,3.50,4.00
楮实子,统片,河南,55.00,55.00,50.00,50.00,55.00,55.00
白前,水洗,湖北,33.00,--,--,33.00,35.00,--
桂皮,统片,云南,16.00,--,--,14.00,15.00,--
关黄柏,统片,东北,72.00,70.00,68.00,70.00,69.00,70.00
扁豆花,统片,云南,96.00,95.00,95.00,95.00,95.00,95.00
羌活,蚕羌,四川,300.00,310.00,310.00,310.00,310.00,315.00
羌活,条羌,四川,160.00,160.00,165.00,155.00,160.00,160.00
羌活,条羌,甘肃,130.00,135.00,135.00,180.00,130.00,180.00
白前,统片,湖北,30.00,32.00,32.00,30.00,32.00,32.00
虻虫,统片,陕西,670.00,640.00,660.00,--,650.00,680.00
羌活,蚕羌,甘肃,210.00,220.00,220.00,230.00,230.00,230.00
珍珠母,统片,浙江,1.80,2.00,2.00,2.50,2.00,1.80
甘草,统片,内蒙古,20.00,19.00,21.50,21.00,20.00,20.00
九里香,统片,广东,7.50,--,--,--,7.00,--
白头翁,统片,黑龙江,155.00,155.00,145.00,150.00,155.00,150.00
甘草,毛条,内蒙古,13.00,11.00,11.00,11.00,13.50,13.00
海狗肾,统片,进口,40000.00,40000.00,40000.00,--,40000.00,--
麦冬,统片,湖北,50.00,50.00,50.00,50.00,50.00,50.00
麦冬,统片,四川,68.00,70.00,68.00,73.00,72.00,73.00
麦冬,统片,浙江,--,50.00,--,--,50.00,--
粉萆薢,统片,江西,24.00,26.00,25.00,24.00,25.00,25.00
香菜籽,统片,国产,12.00,--,--,10.00,10.00,--
天南星,统片,河南,27.00,--,--,26.00,26.00,26.00
小通草,统片,贵州,135.00,125.00,125.00,135.00,135.00,138.00
防己,带皮,江西,128.00,--,129.00,128.00,129.00,128.00
延胡索,统片,浙江,90.00,94.00,94.00,94.00,94.00,94.00
防己,半撞皮,江西,145.00,145.00,145.00,140.00,145.00,138.00
儿茶,统片,进口,38.00,38.00,38.00,38.00,39.00,38.00
延胡索,选,浙江,95.00,100.00,100.00,100.00,100.00,100.00
香附,光统片,海南,13.00,12.50,12.00,12.50,12.50,12.00
儿茶,统片,云南,18.00,18.00,17.00,16.00,18.00,--
莲子心,统片,湖南,55.00,55.00,55.00,55.00,55.00,55.00
藜芦,统片,东北,24.00,--,--,--,24.00,--
诃子,肉,云南,24.00,24.00,24.00,24.00,25.00,24.00
诃子,金,云南,9.00,--,--,8.00,8.50,--
诃子,统片,云南,10.00,8.00,10.00,7.00,9.00,8.50
藁本,统片,辽宁,65.00,60.00,60.00,63.00,65.00,62.00
藁本,统片,四川,35.00,--,20.00,34.00,34.00,--
藁本,统片,新疆,50.00,--,--,45.00,43.00,45.00
花椒,大红袍,陕西,75.00,75.00,75.00,73.00,75.00,75.00
花椒,青椒,四川,45.00,45.00,45.00,45.00,45.00,45.00
香附,光选,海南,14.00,14.00,13.00,14.00,13.50,14.00
槐米,统片,安徽,50.00,50.00,50.00,50.00,50.00,48.00
槐米,青,安徽,65.00,65.00,65.00,60.00,60.00,60.00
香附,毛,海南,10.00,10.00,10.00,10.00,10.00,10.00
香附,毛,河南,15.00,15.00,15.00,15.00,11.00,15.00
夏枯球,统片,安徽,18.00,16.00,16.00,17.00,16.00,16.00
仙灵脾,统片,东北,25.00,--,25.00,25.00,25.00,25.00
仙灵脾,统片,四川,23.00,--,--,23.00,23.00,23.00
夏枯球,选,河南,27.00,23.00,23.00,23.00,23.00,23.00
莪术,统片,广西,18.00,19.00,18.00,18.00,18.00,21.00
瓜蒌,统片,河北,75.00,72.00,80.00,80.00,80.00,80.00
蒲公英,家公英,安徽,8.00,7.50,4.50,7.00,7.50,5.50
蒲公英,山公英,山西,12.00,11.50,9.00,10.50,11.50,9.50
狗脊,统片,四川,22.00,23.00,22.00,22.00,23.00,23.00
乌梢蛇,统片,进口,200.00,200.00,--,190.00,190.00,220.00
蒺藜,撞刺,内蒙古,26.00,25.00,26.00,26.00,23.00,26.00
蒺藜,带刺,内蒙古,18.00,18.00,18.00,18.00,16.00,18.00
前胡,家种条胡,浙江,38.00,38.00,35.00,35.00,35.00,--
前胡,家种统片,浙江,32.00,32.00,29.00,29.00,29.00,29.00
前胡,信野生,浙江,160.00,160.00,160.00,162.00,160.00,161.00
通草,统片,云南,220.00,230.00,238.00,270.00,245.00,245.00
天花粉,统片,安徽,15.00,--,--,--,15.00,--
天花粉,统片,河北,38.00,36.00,38.00,37.00,38.00,36.00
海螵蛸,统片,浙江,45.00,40.00,46.00,45.00,40.00,47.00
海螵蛸,选,山东,62.00,62.00,61.00,62.00,60.00,65.00
海马,统片,广东,8500.00,8000.00,8200.00,8500.00,8000.00,8200.00
海马,大,广东,11000.00,12000.00,11500.00,11500.00,10600.00,10200.00
海马,小,广东,6800.00,6500.00,6000.00,5500.00,6500.00,6400.00
冬瓜子,单边,安徽,15.00,17.00,18.00,17.00,18.00,18.00
马勃,统片,内蒙古,90.00,90.00,90.00,--,100.00,100.00
马鞭草,统片,安徽,4.50,4.50,--,5.00,5.00,5.00
麻黄根,统片,内蒙古,15.00,16.00,15.00,--,16.00,16.00
冬瓜子,双边,安徽,18.00,20.00,21.00,20.00,21.00,21.00
罗布麻叶,统片,河北,30.00,30.00,30.00,30.00,30.00,30.00
琥珀,米,广西,100.00,--,--,100.00,100.00,95.00
透骨草,珍珠统片,山西,10.00,10.00,10.00,10.00,10.00,9.00
琥珀,统片,辽宁,20.00,19.00,19.00,20.00,19.00,20.00
胡椒,白胡椒统片,海南,42.00,43.00,42.00,42.00,42.00,42.00
天竺黄,统片,进口,400.00,--,400.00,400.00,400.00,400.00
胡椒,黑胡椒统片,海南,24.50,25.00,23.50,25.00,23.50,25.00
刀豆,白,安徽,8.00,--,--,--,9.00,--
天竺黄,统片,上海,30.00,34.00,--,35.00,32.00,32.00
桃花,统片,河南,60.00,70.00,60.00,65.00,60.00,60.00
冬瓜皮,统片,河北,9.00,9.00,9.00,9.00,9.00,9.00
刀豆,红,安徽,12.00,11.50,12.00,12.00,12.00,12.00
红花,统片,新疆,145.00,145.00,150.00,150.00,150.00,150.00
红花,统片,云南,140.00,142.00,145.00,145.00,145.00,145.00
荷梗,统片,山东,5.50,--,--,--,7.00,--
燕窝,疏盏4A,进口,12000.00,12000.00,12500.00,12500.00,12000.00,11000.00
檀香,白,进口,--,500.00,--,500.00,--,--
檀香,黄,进口,--,--,300.00,300.00,--,--
檀香,统片,进口,240.00,--,--,335.00,320.00,340.00
檀香,优,进口,1600.00,--,--,1500.00,1500.00,--
白毛藤,统片,湖北,8.00,--,--,--,8.00,8.50
冬凌草,统片,江西,7.50,7.50,7.50,--,7.50,--
红芪,统片,内蒙古,18.00,17.00,--,17.00,16.00,17.00
红豆杉,统片,广西,15.00,--,--,--,14.00,--
红豆蔻,统片,广西,105.00,110.00,130.00,130.00,130.00,110.00
水牛角,丝,江西,42.00,--,--,--,45.00,45.00
燕窝,密盏4A,进口,13800.00,14000.00,14000.00,15000.00,12000.00,13000.00
水牛角,统片,江西,40.00,40.00,40.00,40.00,39.00,40.00
白扁豆,统片,四川,15.00,15.00,16.00,15.50,15.00,15.00
白扁豆,统片,进口,11.00,--,11.00,9.00,11.00,--
阿胶,东阿,山东,2750.00,2800.00,2800.00,2800.00,2850.00,2800.00
石见穿,统片,江苏,24.00,23.00,23.00,23.00,23.00,23.00
阿胶,福牌,山东,1250.00,1250.00,1250.00,1250.00,1250.00,1250.00
石斛,环草,安徽,150.00,--,--,--,130.00,--
巴戟天,统片,广东,75.00,75.00,76.00,75.00,75.00,75.00
石斛,黄草,贵州,45.00,35.00,40.00,44.00,40.00,42.00
巴戟天,统片肉,广东,85.00,85.00,86.00,85.00,85.00,85.00
石斛,金钗,四川,750.00,800.00,--,800.00,800.00,800.00
九节菖蒲,统片,陕西,210.00,230.00,230.00,230.00,230.00,215.00
石斛,耳环,浙江,185.00,200.00,--,230.00,210.00,200.00
白芷,统片,安徽,13.00,14.00,14.50,14.50,15.00,14.50
白芷,统片,河北,13.50,14.00,14.50,14.50,15.00,14.00
白芷,统片,四川,19.00,22.00,22.00,23.00,22.00,23.00
芫花,统片,福建,30.00,25.00,30.00,32.00,24.00,30.00
白芷,选,安徽,16.00,--,--,20.00,18.00,16.50
酸枣仁,98货,河北,580.00,580.00,550.00,565.00,550.00,580.00
白药子,统片,广西,33.00,--,--,--,28.00,28.00
酸枣仁,统片,河北,560.00,560.00,530.00,530.00,530.00,560.00
酸枣仁,统片,进口,75.00,75.00,--,75.00,90.00,80.00
芒硝,统片,安徽,2.80,2.50,2.80,2.50,2.80,2.80
玛咖,黄统片,云南,15.00,16.00,17.50,16.00,18.00,17.00
佛手,统片,广东,65.00,70.00,68.00,67.00,68.00,68.00
党参,白条党,甘肃,55.00,52.00,--,53.00,50.00,52.00
佛手,统片,四川,56.00,56.00,56.00,56.00,55.00,56.00
党参,白条党大,甘肃,65.00,65.00,--,68.00,65.00,66.00
蜂房,山统片,东北,28.00,--,25.00,--,25.00,25.00
党参,统片,甘肃,55.00,50.00,--,55.00,50.00,52.00
蜂房,家统片,山东,580.00,560.00,550.00,560.00,520.00,550.00
党参,白条党小,甘肃,50.00,48.00,48.00,52.00,49.00,52.00
土荆皮,统片,江苏,48.00,50.00,48.00,48.00,48.00,50.00
党参,白条党中,甘肃,60.00,58.00,56.00,60.00,59.00,62.00
丹参,统片,安徽,18.00,16.50,--,18.00,19.00,19.50
透骨草,凤仙统片,安徽,18.00,--,18.00,18.00,18.00,14.00
丹参,统片,河南,19.00,--,18.50,18.00,19.00,--
丹参,统片,山东,18.50,17.50,19.00,18.50,18.50,19.00
月季花,统片,安徽,55.00,56.00,55.00,54.00,52.00,55.00
预知子,统片,湖北,23.00,22.00,23.00,23.00,23.00,24.00
鱼腥草,统片,四川,7.00,7.00,7.00,7.00,7.00,7.00
鱼腥草,野统片,安徽,8.00,--,--,9.00,10.00,10.00
葛花,统片,广西,16.00,16.00,16.50,16.50,17.00,17.00
咸秋石,统片,安徽,18.00,--,--,--,18.00,18.00
了哥王,根,东北,12.00,--,--,--,8.50,--
两头尖,统片,黑龙江,85.00,85.00,85.00,85.00,85.00,85.00
莲房,统片,湖南,6.00,--,--,--,6.00,--
连钱草,统片,四川,9.00,9.00,9.00,--,9.00,9.00
鹿角胶,统片,东北,300.00,--,--,--,280.00,300.00
荜茇,统片,广西,46.00,45.00,46.00,45.00,45.00,42.00
枳实,统片,湖南,45.00,54.00,53.00,54.00,54.00,55.00
侧柏叶,统片,江苏,3.50,3.50,4.00,3.00,3.80,4.20
薄荷,全棵,江苏,9.00,12.00,10.00,12.00,12.00,11.00
壁虎,全条,河南,3200.00,--,3000.00,3450.00,3450.00,3450.00
壁虎,统片,河南,2850.00,3100.00,2800.00,3100.00,3300.00,3000.00
壁虎,统片,进口,600.00,--,560.00,580.00,580.00,--
青果,统片,广西,13.00,13.00,15.00,--,15.00,15.00
青风藤,统片,江苏,8.00,8.50,6.50,6.50,6.50,6.50
栀子,统片,江西,21.00,22.00,22.00,22.00,22.00,21.00
栀子,统片,福建,18.00,19.00,18.00,19.00,19.00,18.50
威灵仙,统片,东北,60.00,60.00,62.00,60.00,60.00,60.00
威灵仙,统片,进口,50.00,40.00,--,--,40.00,--
王不留行,统片,河北,9.00,8.00,10.00,10.00,10.00,10.00
香薷,统片,江西,7.00,6.50,6.50,6.50,6.50,6.00
仙鹤草,统片,安徽,6.50,6.50,6.50,6.50,6.50,6.50
夏枯草,统片,安徽,2.00,2.00,2.50,2.20,2.50,2.00
夏枯草,选,安徽,3.00,--,4.00,--,3.00,4.20
蟋蟀,统片,安徽,80.00,80.00,80.00,70.00,80.00,85.00
豨莶草,统片,安徽,5.00,--,5.00,5.00,5.00,5.00
钩藤,70%双,湖南,65.00,70.00,70.00,70.00,70.00,70.00
肉桂,板桂,广西,20.00,--,20.00,20.00,20.00,20.00
肉桂,官桂,广西,14.00,15.00,14.00,14.00,15.00,14.00
肉桂,企边统片,进口,20.00,21.00,21.00,20.00,21.00,21.00
肉豆蔻,统片,广西,55.00,58.00,60.00,55.00,62.00,58.00
苘麻子,统片,河南,7.00,7.50,--,--,7.50,8.00
血竭,统片,进口,1150.00,1100.00,1150.00,1300.00,1150.00,--
血竭,统片,云南,350.00,360.00,360.00,380.00,360.00,--
玄参,统片,湖北,11.00,12.00,12.00,11.50,12.00,12.00
玄参,统片,浙江,11.00,10.00,9.50,9.50,10.00,10.00
玄参,选,湖北,12.00,--,--,13.00,13.00,13.50
玄参,统片,河南,9.00,8.50,9.00,9.00,9.00,9.50
桂圆,果实,广西,15.00,18.00,18.00,18.00,18.00,18.00
龟甲胶,统片,国产,320.00,--,--,--,270.00,--
龟甲,背甲,湖北,90.00,--,90.00,80.00,90.00,90.00
龟甲,腹甲,湖北,115.00,115.00,115.00,110.00,115.00,115.00
石竹叶,统片,四川,42.00,--,--,--,42.00,--
竹茹,球,湖南,14.00,--,--,--,14.00,15.00
竹茹,统片,湖南,4.50,6.00,5.50,6.00,5.50,6.00
枳实,统片,江西,50.00,54.00,53.00,54.00,55.00,56.00
枳实,统片,浙江,35.00,32.00,--,32.00,32.00,33.00
钩藤,统片,陕西,28.00,35.00,35.00,35.00,38.00,30.00
鸡内金,统片,安徽,9.00,--,9.50,9.50,9.00,9.00
牵牛子,白,四川,30.00,30.00,31.00,26.00,30.00,26.00
牵牛子,黑,四川,12.00,12.50,12.50,12.00,12.00,12.00
千里光,统片,江苏,4.00,--,--,4.50,4.00,4.00
鳖甲胶,统片,浙江,650.00,--,--,500.00,600.00,--
娑罗子,统片,陕西,20.00,--,21.00,--,21.00,--
槐花,统片,安徽,19.00,19.00,19.00,19.00,19.00,19.00
葫芦壳,统片,山东,8.00,--,--,--,7.00,--
合欢皮,统片,湖北,12.00,13.00,13.00,13.00,13.00,13.00
合欢花,统片,河北,45.00,42.00,40.00,--,41.00,41.00
合欢花,选,河北,60.00,--,60.00,--,56.00,--
玉竹,统片,东北,30.00,--,27.00,--,26.00,--
玉竹,统片,湖南,38.00,38.00,38.00,38.00,38.00,38.00
鱼鳔,大,浙江,180.00,--,180.00,180.00,180.00,180.00
鱼鳔,小,浙江,95.00,--,110.00,110.00,100.00,110.00
鱼鳔,中,浙江,120.00,130.00,140.00,150.00,130.00,140.00
油松节,统片,辽宁,6.00,6.50,6.50,7.50,7.50,6.60
蛤蚧,大,广西,80.00,100.00,100.00,100.00,100.00,100.00
蛤蚧,小,广西,60.00,80.00,80.00,80.00,80.00,80.00
芦根,小,河北,7.00,--,--,--,9.00,8.00
三棱,统片,浙江,25.00,25.00,26.00,26.00,26.00,26.00
椿皮,干皮,安徽,3.00,--,3.00,3.50,3.00,3.50
椿皮,根皮,安徽,8.00,9.00,8.00,9.00,8.00,9.00
葱子,统片,山东,15.00,16.00,--,--,16.00,17.00
紫苏叶,统片,广东,15.00,--,--,15.00,16.00,--
紫苏叶,统片,河北,14.00,15.00,15.00,15.00,16.00,16.00
石耳,统片,安徽,45.00,--,--,--,44.00,--
十大功劳叶,统片,云南,9.50,--,--,--,9.50,--
甜杏仁,统片,新疆,30.00,--,--,--,25.00,--
藤黄,统片,进口,260.00,--,--,--,280.00,--
人工麝香,统片,国产,50000.00,--,--,--,56000.00,--
金钱白花蛇,统片条,江西,80.00,83.00,85.00,80.00,82.00,80.00
金莲花,统片,吉林,130.00,130.00,130.00,130.00,130.00,--
芥子,白,四川,24.00,24.00,23.00,23.00,24.00,24.00
芥子,黄,内蒙古,12.00,9.00,9.50,9.00,9.50,9.00
苦木,统片,湖北,4.00,--,--,--,3.00,--
木蝴蝶,统片,广西,45.00,43.00,44.00,45.00,48.00,48.00
木鳖子,统片,广西,25.00,25.00,21.00,25.00,26.00,25.00
猫爪草,家种,河南,65.00,65.00,65.00,65.00,61.00,65.00
蛤蚧,中,广西,70.00,90.00,90.00,90.00,90.00,90.00
刘寄奴,北统片,湖北,20.00,20.00,19.00,20.00,20.00,20.00
刘寄奴,南统片,江西,18.00,--,15.00,15.00,15.00,--
灵芝,统片,安徽,35.00,36.00,36.00,38.00,36.00,38.00
灵芝,统片,山东,35.00,29.00,29.00,30.00,30.00,--
莲子,白,湖南,48.00,49.00,47.00,48.00,48.00,47.00
莲子,统片,湖南,43.00,43.00,41.00,42.00,42.00,42.00
莲须,统片,湖南,185.00,170.00,--,170.00,170.00,170.00
老鹳草,统片,湖北,4.00,4.00,4.00,--,4.00,--
蜡梅花,红,江苏,67.00,75.00,72.00,--,67.00,68.00
山楂,机器统片,山东,8.00,8.00,8.50,7.00,6.00,6.00
山楂,手工统片,山东,10.00,10.00,10.50,10.50,10.50,9.50
山楂,茶用带籽,山东,15.00,15.00,15.00,16.00,15.00,15.00
山楂,茶用无籽,山东,21.00,--,20.00,21.00,20.00,21.00
山柰,统片,进口,24.00,24.00,23.50,20.00,23.00,22.50
山柰,统片,云南,40.00,38.00,37.00,36.00,37.00,37.00
皂矾,统片,河北,3.00,--,--,--,4.00,--
月石,统片,山东,8.50,--,--,--,9.00,--
月见草,根,湖北,12.00,--,--,--,10.00,--
芦根,统片,山东,14.00,17.00,17.50,13.00,16.00,13.00
桃胶,统片,内蒙古,45.00,--,--,45.00,45.00,40.00
徐长卿,统片根,山东,38.00,38.00,38.00,35.00,38.00,38.00
小蓟,统片,安徽,8.00,8.00,8.00,--,8.00,--
香叶,统片,进口,19.00,--,18.00,19.00,19.00,17.00
枸杞子,280粒,宁夏,45.00,50.00,50.00,50.00,55.00,50.00
枸杞子,380粒,宁夏,40.00,45.00,45.00,45.00,49.00,45.00
枸杞子,统片,河北,32.00,40.00,--,--,43.00,--
枸杞子,统片,青海,33.00,--,40.00,35.00,42.00,35.00
枸杞子,统片,宁夏,42.00,--,--,45.00,48.00,50.00
枸杞子,统片,新疆,38.00,40.00,--,40.00,45.00,45.00
枸杞子,选,宁夏,60.00,--,--,60.00,70.00,60.00
枸杞子,280粒,青海,38.00,43.00,40.00,40.00,41.00,40.00
枸杞子,380粒,青海,33.00,35.00,35.00,35.00,38.00,35.00
陈皮,统片,浙江,10.50,10.00,10.00,10.00,10.00,10.00
陈皮,丝,浙江,13.00,12.00,12.00,12.50,12.50,11.50
积雪草,统片,贵州,12.50,12.50,13.50,12.00,12.00,13.00
黄药子,统片,湖北,10.00,9.00,9.50,9.50,9.50,9.50
地锦草,硬苗,浙江,6.00,6.00,6.50,6.00,6.50,6.50
地锦草,软苗,国产,3.50,4.00,4.00,4.50,4.00,4.00
花蕊石,统片,河南,3.50,--,--,--,5.00,--
桂圆肉,晒,广西,55.00,60.00,50.00,55.00,60.00,55.00
车前子,统片,江西,60.00,65.00,60.00,60.00,60.00,65.00
车前子,统片,东北,58.00,60.00,58.00,58.00,58.00,60.00
车前草,统片,江西,6.50,6.50,6.50,6.00,6.00,6.00
草果,统片,云南,37.00,37.00,36.50,37.00,37.00,36.50
苍耳子,小粒,东北,10.00,10.00,10.50,10.50,10.50,10.00
苍耳子,大粒,山东,7.00,7.50,6.50,7.50,6.50,8.50
补骨脂,统片,进口,12.50,12.00,12.00,12.00,12.50,12.50
补骨脂,陈,进口,15.00,14.50,14.50,14.50,14.50,15.00
薄荷叶,统片,安徽,16.00,20.00,18.00,20.00,20.00,20.00
青礞石,统片,湖南,1.80,2.00,2.20,2.00,2.10,2.20
秦艽,统片,甘肃,100.00,110.00,110.00,110.00,110.00,115.00
秦艽,统片,内蒙古,200.00,200.00,200.00,200.00,200.00,200.00
秦艽,统片,青海,120.00,--,--,--,115.00,--
秦艽,统片,云南,35.00,--,38.00,39.00,37.00,38.00
骨碎补,统片,贵州,40.00,40.00,40.00,41.00,41.00,41.00
谷精珠,统片,浙江,34.00,35.00,34.00,--,34.00,--
乌梅,统片,福建,20.00,21.00,21.00,22.00,21.00,23.00
乌梅,统片,四川,18.00,19.00,19.00,20.00,19.00,21.00
委陵菜,统片,河南,7.00,7.00,7.60,8.00,7.80,7.80
菟丝子,水洗,宁夏,26.00,27.00,27.00,26.00,26.00,--
菟丝子,统片,内蒙古,25.00,27.00,27.00,26.00,26.00,28.00
菟丝子,统片,宁夏,24.00,26.00,25.00,25.00,25.00,26.00
田基黄,统片,江西,17.00,16.00,16.00,17.00,17.00,17.00
厚朴,枝皮,四川,8.00,8.00,8.00,8.00,8.00,8.00
厚朴,板皮,四川,12.00,13.00,13.00,13.00,14.00,13.00
黑灵芝,统片,广西,118.00,--,--,145.00,145.00,140.00
黑豆,统片,东北,11.00,11.00,11.00,11.50,11.00,11.50
一口钟,统片,云南,8.00,8.00,--,8.50,8.80,9.00
松花粉,统片,浙江,45.00,62.00,62.00,62.00,62.00,--
使君子,仁,四川,40.00,40.00,42.00,40.00,42.00,40.00
使君子,统片,四川,16.00,15.00,16.00,16.00,17.00,16.00
地榆,统片,甘肃,12.00,13.00,13.00,12.00,13.00,13.00
乳香,统片,进口,28.00,25.00,26.00,25.00,25.00,25.00
乳香,珠,进口,58.00,59.00,59.00,59.00,59.00,59.00
人中白,统片,河南,75.00,75.00,--,75.00,75.00,72.00
广藿香,统片,广东,11.00,10.00,11.00,9.50,11.00,10.00
广藿香,叶,广东,18.00,--,17.00,--,17.00,17.00
广豆根,统片,贵州,220.00,--,220.00,210.00,220.00,--
光慈菇,统片,云南,300.00,290.00,290.00,290.00,290.00,290.00
枸骨叶,统片,湖北,14.00,--,14.00,--,15.00,--
急性子,统片,安徽,42.00,42.00,42.00,43.00,42.00,42.00
苦豆子,净,新疆,15.00,--,--,--,13.00,--
苦参,统片,内蒙古,16.50,16.50,16.50,16.50,16.50,16.50
鸡蛋花,统片,福建,20.00,--,--,--,21.00,20.00
火麻仁,仁,甘肃,25.00,25.00,25.00,24.00,25.00,25.00
苦参,统片,内蒙古,18.00,18.00,18.00,18.00,18.00,18.00
火麻仁,籽,甘肃,11.00,11.00,11.00,11.00,11.00,11.00
橘络,统片,浙江,190.00,210.00,220.00,210.00,220.00,220.00
橘络,优,浙江,220.00,260.00,270.00,265.00,270.00,260.00
黄芪,中条,甘肃,18.00,17.00,18.00,18.00,17.00,18.00
黄芪,统片,内蒙古,20.00,20.00,22.00,21.00,21.00,22.00
矮地茶,统片,江西,6.00,--,6.00,6.50,6.00,6.50
菊花,亳菊,安徽,80.00,75.00,75.00,75.00,75.00,75.00
地骨皮,统片,河北,--,65.00,95.00,--,--,--
红景天,大花,西藏,60.00,58.00,58.00,55.00,58.00,59.00
菊花,黄山贡菊,安徽,260.00,260.00,265.00,--,245.00,240.00
地骨皮,统片,山西,60.00,--,--,65.00,65.00,65.00
红景天,小花,西藏,39.00,--,38.00,40.00,38.00,40.00
菊花,杭菊,浙江,68.00,68.00,68.00,68.00,68.00,68.00
地骨皮,选,山西,95.00,95.00,95.00,95.00,100.00,100.00
红景天,大花,青海,55.00,57.00,--,--,55.00,--
菊花,杭饼菊,浙江,65.00,65.00,65.00,68.00,65.00,58.00
淡竹叶,统片,广西,17.00,--,--,14.50,13.00,--
红景天,小花,青海,38.00,39.00,--,--,38.00,--
菊花,七月菊,安徽,100.00,90.00,110.00,110.00,95.00,115.00
淡竹叶,统片,四川,18.00,13.00,15.00,16.00,14.00,16.00
黑芝麻,统片,山东,20.00,20.00,19.00,20.00,20.00,20.00
菊花,太阳花,安徽,85.00,85.00,90.00,85.00,62.00,90.00
皂角刺,统片,河南,30.00,35.00,35.00,35.00,30.00,30.00
何首乌,统片,广东,17.00,13.00,15.00,14.00,15.00,13.00
菊花,祁菊,河北,70.00,70.00,70.00,--,70.00,--
皂角刺,选,河南,45.00,--,--,--,45.00,45.00
何首乌,统片,四川,20.00,20.00,21.00,21.00,21.00,21.00
茺蔚子,统片,安徽,33.00,31.00,30.00,30.00,30.00,31.00
甘松,统片,四川,51.00,45.00,45.00,45.00,45.00,45.00
何首乌,统片,云南,18.00,19.00,19.00,18.00,19.00,20.00
白茅根,统片,河北,16.00,15.50,15.50,16.00,15.50,15.50
甘松,选,四川,78.00,--,--,70.00,70.00,70.00
伊贝母,家种小粒,新疆,90.00,85.00,80.00,100.00,100.00,105.00
白茅根,统片,安徽,13.00,12.50,12.50,12.50,12.50,12.50
龙葵,统片,安徽,3.50,3.50,4.00,5.00,4.50,4.60
柿蒂,统片,河南,15.00,15.00,15.00,15.00,12.00,15.00
明党参,统片,四川,80.00,80.00,75.00,80.00,75.00,75.00
雷丸,统片,云南,170.00,175.00,180.00,175.00,155.00,175.00
石莲子,统片,湖南,21.00,21.00,19.00,19.00,19.00,20.00
韭菜子,统片,安徽,40.00,38.00,38.00,38.00,39.00,38.00
雷公藤,统片,福建,7.00,7.00,7.00,6.50,7.50,7.00
九香虫,统片,贵州,1350.00,1400.00,1300.00,1350.00,1400.00,1300.00
石决明,小,广东,7.50,10.00,9.00,9.00,9.00,9.00
石决明,大,广东,16.50,--,--,18.00,18.00,19.00
凤凰衣,统片,安徽,8.00,--,8.00,--,8.50,--
忍冬藤,统片,浙江,2.70,2.70,--,3.00,3.00,3.00
菟丝子,水洗,内蒙古,27.00,28.00,28.00,27.00,27.00,--
款冬花,统片,甘肃,100.00,95.00,95.00,90.00,95.00,95.00
血余炭,统片,国产,28.00,--,--,28.00,28.00,--
款冬花,统片,河北,99.00,--,--,--,90.00,--
哈蟆油,10g,东北,1350.00,1300.00,1300.00,1220.00,1300.00,1250.00
哈蟆油,12g,东北,1450.00,1450.00,1500.00,1420.00,1500.00,1300.00
款冬花,选,甘肃,115.00,115.00,110.00,110.00,110.00,105.00
哈蟆油,15g,东北,1700.00,1900.00,1800.00,1900.00,1860.00,1600.00
哈蟆油,大于15,东北,1800.00,2000.00,2100.00,2000.00,2100.00,1800.00
款冬花,选,河北,110.00,--,--,--,105.00,--
砂仁,砂仁米,云南,190.00,195.00,230.00,235.00,230.00,230.00
猫爪草,野生,安徽,140.00,--,140.00,145.00,145.00,140.00
枫香脂,统片,四川,33.00,--,34.00,--,36.00,--
槲寄生,统片,东北,20.00,21.00,22.00,22.00,21.00,22.00
土鳖虫,统片,江苏,90.00,90.00,90.00,90.00,85.00,90.00
土鳖虫,盐水,江苏,85.00,--,--,80.00,75.00,80.00
泽兰,统片,安徽,8.00,8.00,8.00,8.00,8.00,8.00
桃仁,家统片,山东,52.00,52.00,52.00,52.00,52.00,51.00
郁李仁,统片,甘肃,60.00,60.00,60.00,60.00,60.00,60.00
桃仁,山统片,陕西,46.00,46.00,46.00,46.00,46.00,46.00
郁李仁,统片,内蒙古,85.00,90.00,88.00,88.00,88.00,85.00
杜仲叶,统片,四川,7.00,5.50,5.00,--,6.00,6.00
砂仁,壳砂,云南,125.00,125.00,125.00,130.00,125.00,125.00
白术,统片,河北,15.00,16.00,--,17.00,16.00,16.00
葛根,柴丁,河南,9.00,8.00,8.50,9.50,9.00,9.00
红莲子,统片,湖北,30.00,--,24.00,30.00,26.00,--
黑老虎,统片,云南,12.00,--,--,11.00,11.00,12.00
海浮石,统片,浙江,4.00,--,--,--,4.00,--
白术,统片,湖南,24.00,--,--,27.00,26.00,--
砂仁,砂仁米,进口,78.00,80.00,90.00,98.00,100.00,90.00
鹤虱,北,东北,21.00,--,--,--,24.00,--
龙齿,白,山西,450.00,450.00,450.00,450.00,450.00,450.00
砂仁,壳砂圆果,进口,30.00,30.00,30.00,30.00,30.00,30.00
白术,统片,浙江,28.00,28.00,32.00,32.00,30.00,29.00
益智,米,海南,60.00,--,--,--,65.00,--
砂仁,壳砂长果,进口,28.00,28.00,28.00,28.00,28.00,28.00
白术,选,安徽,28.00,28.00,30.00,32.00,30.00,28.00
益智,仁,海南,28.00,28.00,29.00,28.00,28.00,28.00
龙齿,青,山西,480.00,460.00,480.00,460.00,450.00,460.00
桑枝,统片,江苏,3.50,4.00,3.50,3.50,3.60,4.00
羊蹄根,统片,浙江,10.00,--,--,--,10.00,--
六月雪,统片,江苏,5.00,5.00,--,--,5.00,5.00
鹿鞭,统片,东北,500.00,--,--,550.00,550.00,550.00
凌霄花,统片,江苏,75.00,75.00,72.00,76.00,75.00,75.00
岩柏,统片,陕西,12.00,--,--,--,12.00,--
平贝母,大,吉林,60.00,75.00,75.00,75.00,75.00,75.00
白术,选,浙江,33.00,29.00,36.00,36.00,33.00,30.00
莱菔子,统片,云南,15.00,14.00,14.50,14.00,15.00,12.00
平贝母,小,吉林,120.00,150.00,150.00,145.00,145.00,150.00
蓖麻子,统片,安徽,8.00,6.50,6.00,6.50,6.50,6.50
水红花子,统片,云南,33.00,33.00,--,33.00,25.00,--
射干,统片,河北,66.00,58.00,66.00,66.00,66.00,63.00
白花蛇舌草,统片,河南,8.00,8.50,8.00,8.50,8.50,8.00
佩兰,统片,河北,12.00,12.00,12.00,12.00,11.00,12.00
水飞蓟,统片,黑龙江,15.00,--,15.00,15.00,13.00,15.00
板蓝根,统片,东北,11.00,12.50,12.50,12.50,12.50,12.10
射干,统片,湖南,60.00,--,--,60.00,60.00,--
白花蛇舌草,统片,江西,11.00,12.00,11.50,11.00,11.50,11.00
五加皮,统片,湖北,45.00,50.00,50.00,50.00,50.00,50.00
水菖蒲,统片,湖北,15.00,16.00,16.00,20.00,16.00,16.00
板蓝根,统片,甘肃,11.50,12.50,12.50,12.50,12.50,12.10
蛇莓,统片,湖北,8.00,9.00,9.00,9.00,9.00,9.00
白果,仁,广西,8.00,7.50,7.50,6.00,6.50,7.50
吴茱萸,大花,湖南,30.00,--,--,--,40.00,--
旋覆花,统片,湖北,50.00,45.00,50.00,55.00,50.00,50.00
牛黄,天然胆黄,河北,550000.00,480000.00,550000.00,--,550000.00,550000.00
桑叶,霜,安徽,5.00,--,5.00,5.50,5.80,--
白果,统片,广西,6.00,6.00,5.50,5.00,5.50,6.50
吴茱萸,小,江西,38.00,35.00,40.00,35.00,45.00,35.00
桂枝,小片,广西,11.00,8.50,8.50,8.50,9.00,8.50
牛黄,人工合成,上海,900.00,1000.00,900.00,900.00,900.00,900.00
桑叶,青,河南,6.50,6.80,6.50,7.50,7.50,7.00
白果,优质仁,广西,9.00,9.00,9.00,9.50,9.30,9.50
吴茱萸,中,江西,45.00,49.00,50.00,49.00,50.00,50.00
桂圆肉,炕,广西,50.00,50.00,45.00,50.00,50.00,50.00
牛蒡子,统片,东北,20.00,23.00,23.00,22.00,21.00,23.00
安息香,统片,云南,220.00,240.00,230.00,240.00,235.00,245.00
排草,统片,四川,33.00,--,--,31.00,27.00,--
牛蒡子,统片,甘肃,19.00,21.00,21.00,20.00,19.50,21.00
阿魏,统片,新疆,900.00,1000.00,1200.00,--,1000.00,--
刺猬皮,统片,山东,300.00,300.00,300.00,310.00,310.00,300.00
南山楂,统片,湖北,20.00,21.00,23.00,20.00,20.00,21.00
绵马贯众,统片,吉林,12.00,13.00,12.00,12.00,13.00,12.00
鹿茸,花二杠,吉林,8000.00,8000.00,--,7500.00,7500.00,7800.00
柏子仁,98货,山东,145.00,--,145.00,145.00,145.00,145.00
瓜子金,统片,江西,70.00,68.00,65.00,--,65.00,65.00
大黄,马蹄选,甘肃,30.00,--,--,30.00,30.00,--
鹿茸,片三等,吉林,1600.00,1700.00,--,1600.00,1700.00,1600.00
柏子仁,统片,山东,138.00,132.00,135.00,135.00,135.00,135.00
竹黄,统片,浙江,80.00,70.00,80.00,--,80.00,--
重楼,统片,云南,370.00,380.00,380.00,375.00,370.00,370.00
大黄,水根,甘肃,6.00,5.00,6.00,6.00,6.00,6.00
大黄,马蹄统片,甘肃,27.00,--,26.00,26.00,26.00,26.00
沉香,统片,进口,750.00,800.00,830.00,810.00,800.00,800.00
鹅管石,统片,广西,10.00,--,9.00,9.00,9.00,10.00
天麻,一等,安徽,150.00,145.00,145.00,145.00,145.00,145.00
天麻,二等,安徽,135.00,135.00,135.00,135.00,135.00,135.00
浮萍,统片,安徽,8.00,--,--,7.00,7.00,--
沉香,等外,进口,1150.00,1300.00,1500.00,1500.00,1350.00,1300.00
天麻,三等,安徽,110.00,115.00,110.00,115.00,115.00,115.00
沉香,含量15,进口,1600.00,--,--,--,1750.00,--
常山,鸡骨常山,四川,13.00,13.00,12.50,--,12.50,13.00
天麻,统片,安徽,120.00,120.00,115.00,120.00,120.00,120.00
冰片,白雪牌,广东,320.00,310.00,320.00,--,310.00,330.00
茵陈,绵,甘肃,21.00,21.00,21.00,21.00,21.00,20.00
泽漆,统片,安徽,6.00,--,--,--,6.00,--
续断,统片,四川,26.00,27.00,27.50,27.00,27.00,23.00
辛夷,统片,河南,30.00,33.00,33.00,33.00,33.00,33.00
茵陈,统片,辽宁,18.00,--,15.50,16.50,16.00,15.00
仙茅,统片,进口,44.00,44.00,44.00,44.00,44.00,44.00
自然铜,统片,四川,4.00,4.00,4.50,4.50,4.50,4.50
分心木,统片,陕西,15.00,--,--,--,15.00,--
赤石脂,统片,河南,2.00,2.00,2.00,2.50,2.00,2.50
母丁香,统片,进口,13.00,--,14.00,13.00,14.00,14.00
艾条,盒,河南,15.00,--,--,11.00,13.00,--
赤芍,京赤芍,内蒙古,53.00,53.00,54.00,53.00,53.00,53.00
赤芍,山赤芍,东北,15.00,--,--,--,16.00,--
博落回,统片,湖北,30.00,--,--,--,30.00,--
建曲,统片,四川,9.00,--,--,--,8.00,8.00
扁豆衣,统片,广西,95.00,--,--,--,90.00,--
鸡屎藤,统片,安徽,7.50,--,7.50,7.50,7.50,7.50
黄精,统片,湖南,75.00,70.00,70.00,70.00,70.00,70.00
黄精,鸡头,云南,85.00,83.00,83.00,85.00,85.00,85.00
黄瓜子,统片,安徽,65.00,65.00,65.00,64.00,65.00,65.00
磁石,统片,辽宁,2.00,1.80,1.80,1.70,1.80,2.00
三叉苦,统片,广西,5.00,--,--,3.50,4.80,--
三叉苦,统片,湖南,5.50,--,--,--,5.00,--
天竺子,统片,进口,30.00,--,--,--,30.00,--
蜀羊泉,统片,湖北,5.00,--,--,--,5.30,--
薄荷油,原油,国产,170.00,--,--,--,160.00,--
薄荷油,素油,国产,130.00,--,145.00,--,145.00,--
大豆黄卷,统片,安徽,16.00,--,--,--,15.00,--
四季青,统片,国产,4.00,--,--,--,4.00,--
毛冬青,统片,广东,5.00,--,--,--,4.50,--
金樱子,肉,江西,46.00,45.00,46.00,45.00,46.00,45.00
金樱子,统片,江西,25.00,26.00,26.00,26.00,26.00,26.00
金果榄,统片,云南,290.00,300.00,300.00,300.00,300.00,300.00
金果榄,统片,四川,280.00,290.00,290.00,290.00,290.00,--
金蝉花,统片,安徽,360.00,--,410.00,400.00,400.00,410.00
降香,统片,海南,350.00,350.00,350.00,350.00,350.00,400.00
僵蚕,统片,广西,100.00,110.00,100.00,100.00,105.00,100.00
僵蚕,统片,四川,110.00,120.00,115.00,120.00,120.00,120.00
紫河车,统片,河南,1500.00,1250.00,1200.00,1200.00,1200.00,1200.00
紫河车,选,河南,1800.00,1350.00,1300.00,1350.00,1350.00,1350.00
鹿茸,片一等,吉林,2700.00,3200.00,--,3500.00,3500.00,3500.00
鹿茸,马茸投料,吉林,500.00,500.00,500.00,520.00,520.00,520.00
鹿茸,花鹿茸三,吉林,4200.00,--,4000.00,--,3700.00,--
炉甘石,统片,湖南,28.50,--,--,--,25.50,--
女贞子,统片,河南,2.80,2.90,3.00,2.90,3.00,3.00
柠檬,统片,广西,29.00,29.00,29.00,29.00,29.00,29.00
桑椹,黑,安徽,16.00,15.00,15.00,15.00,15.00,15.00
桑椹,青,安徽,38.00,--,--,35.00,35.00,35.00
桑螵蛸,生大绵,山东,500.00,495.00,480.00,480.00,480.00,480.00
桑螵蛸,熟大绵,山东,740.00,740.00,730.00,740.00,730.00,730.00
三七花,统片,云南,170.00,180.00,180.00,180.00,180.00,180.00
三七花,选,云南,190.00,--,--,190.00,190.00,190.00
五味子,统片,辽宁,75.00,71.00,72.00,75.00,75.00,75.00
浮小麦,统片,安徽,4.50,4.50,4.50,5.00,5.00,5.00
茯神,统片,安徽,38.00,40.00,40.00,--,40.00,40.00
木芙蓉叶,统片,四川,12.00,15.00,13.00,13.00,15.00,--
大蓟,统片,河北,5.00,3.50,4.10,--,4.40,--
大腹皮,毛,海南,8.00,6.50,6.50,6.50,7.50,6.50
大腹皮,皮,海南,5.00,4.50,4.50,4.50,4.50,4.50
银杏叶,统片,四川,8.00,7.00,8.00,7.00,6.50,6.50
黄柏,统片,广西,30.00,--,30.00,28.00,30.00,30.00
黄柏,统片,四川,31.00,31.00,32.00,31.00,31.00,31.00
千里香,根,甘肃,10.00,--,--,10.00,10.50,--
千层塔,小叶,四川,110.00,--,110.00,100.00,100.00,--
千层塔,大叶,贵州,320.00,320.00,320.00,320.00,320.00,--
槐角,统片,河南,10.00,9.50,7.50,10.00,8.50,8.50
虎杖,统片,湖北,10.00,9.20,9.50,9.20,9.00,9.20
葫芦茶,根,广东,7.50,--,--,--,8.00,--
胡黄连,统片,西藏,480.00,400.00,420.00,--,400.00,400.00
胡黄连,统片,云南,350.00,285.00,280.00,285.00,285.00,285.00
当归,草把,甘肃,36.00,38.00,--,--,35.00,38.00
当归,散把,甘肃,40.00,40.00,--,--,38.00,40.00
当归,统片,甘肃,39.00,38.00,38.00,38.00,36.00,38.00
当归,头,甘肃,70.00,65.00,65.00,65.00,63.00,65.00
当归,须,甘肃,21.00,--,--,--,20.00,--
覆盆子,统片,四川,45.00,45.00,45.00,45.00,45.00,45.00
覆盆子,统片,浙江,150.00,150.00,165.00,160.00,160.00,160.00
海浮石花,统片,浙江,100.00,--,--,--,80.00,--
香茅草,统片,云南,6.00,--,--,--,5.00,--
龙血竭,统片,广西,370.00,--,360.00,380.00,390.00,--
玄明粉,统片,河南,1.20,--,--,--,1.20,--
桂花,统片,广东,200.00,--,--,--,210.00,220.00
鬼针草,统片,安徽,3.50,--,3.50,3.50,3.50,3.50
孜然,统片,新疆,25.00,25.00,25.00,24.00,25.00,25.00
猪牙皂,统片,山东,14.00,15.00,15.00,15.00,15.00,15.00
猪苓,统片,陕西,55.00,55.00,55.00,52.00,55.00,52.00
猪苓,统片,东北,55.00,58.00,59.00,56.00,58.00,58.00
蟾酥,统片,江苏,55000.00,45000.00,45000.00,--,45000.00,--
草果仁,统片,云南,55.00,67.00,--,--,66.00,--
草豆蔻,统片,海南,30.00,31.00,32.00,32.00,32.00,32.00
碧桃干,统片,河北,10.00,8.00,10.00,--,9.50,--
叶下珠,统片,江西,7.80,8.00,9.00,8.80,9.00,9.00
浙贝母,药厂小统片,浙江,56.00,60.00,59.00,59.00,60.00,59.00
浙贝母,原包统片,浙江,58.00,62.00,61.00,62.00,62.00,61.00
赭石,统片,河北,1.80,1.80,2.50,2.50,2.50,2.50
樟脑,统片,江西,65.00,65.00,65.00,75.00,65.00,65.00
藿香,统片,河南,10.00,--,--,--,9.00,9.00
香加皮,统片,山西,15.00,13.50,13.50,14.00,13.00,14.00
细辛,水洗,辽宁,110.00,110.00,110.00,110.00,110.00,105.00
细辛,统片,辽宁,95.00,100.00,100.00,100.00,100.00,100.00
三颗针,统片,湖北,6.00,--,--,--,6.50,--
三颗针,统片,云南,5.80,--,--,--,6.00,--
糯稻根,统片,安徽,9.00,--,--,--,8.50,--
墓头回,根,陕西,24.00,--,--,--,20.00,--
姜黄,统片,广西,15.00,15.00,15.00,--,15.00,15.00
姜黄,统片,四川,25.00,--,25.00,--,27.00,27.00
紫石英,统片,山西,4.00,5.00,4.00,3.80,4.00,4.20
苦丁茶,统片,广东,54.00,--,--,--,48.50,--
枯矾,统片,浙江,20.00,--,--,--,20.00,--
橘核,统片,浙江,13.00,14.00,13.00,14.00,13.00,14.00
川贝母,炉贝,四川,2600.00,2500.00,2300.00,2700.00,2800.00,2800.00
川贝母,青贝,四川,3000.00,3400.00,2900.00,3500.00,3300.00,3400.00
川贝母,松贝,四川,3500.00,3600.00,3400.00,3600.00,3600.00,3600.00
木贼,大,吉林,8.50,8.50,8.50,8.50,8.50,9.00
木香,统片,四川,15.00,--,17.00,17.00,17.00,17.00
木香,统片,云南,16.00,16.00,18.00,18.00,16.00,18.00
白芍,一二级,安徽,26.00,27.00,28.00,28.00,27.00,27.00
d1 4 2I]lq?6:vS¢{OXKS9 G       <)                ܒ<)                                                                                                      白芍,二三级,安徽,23.00,23.00,23.50,23.00,24.00,24.00
白芍,三四级,安徽,21.00,21.50,22.00,22.00,21.50,21.50
白芍,统片,安徽,20.00,--,--,21.00,21.00,20.00
龙胆,坚龙胆,云南,52.00,52.00,53.00,58.00,52.00,53.00
龙胆,统片,东北,75.00,75.00,75.00,75.00,75.00,75.00
两面针,统片,广西,7.00,--,--,7.00,7.00,--
山药,光条统片,河南,30.00,30.00,28.00,--,25.00,30.00
山药,光统片,河南,35.00,--,35.00,--,35.00,35.00
山药,毛条统片,河南,18.00,18.00,--,--,17.00,18.00
山药,光条统片,广西,22.00,25.00,21.00,25.50,23.00,26.00
山药,毛条统片,广西,15.00,15.00,15.00,16.00,15.00,16.00
梅花,绿统片,江苏,300.00,--,300.00,--,300.00,--
漏芦,统片,内蒙古,28.00,30.00,28.00,29.00,30.00,29.00
片姜黄,统片,浙江,16.00,16.00,16.00,--,17.00,17.00
北沙参,统片,河北,30.00,29.00,29.00,30.00,25.00,30.00
北沙参,统片,内蒙古,50.00,48.00,49.00,50.00,40.00,50.00
北沙参,选,河北,38.00,--,--,--,30.00,35.00
北豆根,统片,河北,14.00,10.00,--,11.00,11.00,--
北豆根,统片,内蒙古,15.00,11.00,11.00,11.00,11.00,11.00
半枝莲,二茬,河南,11.00,--,--,11.00,11.00,--
半枝莲,统片,河南,11.00,11.00,11.00,11.00,11.50,11.00
半枝莲,头茬,河南,12.00,--,--,12.00,12.00,12.00
板蓝根,统片,河南,11.50,12.50,13.00,12.50,12.50,12.30
没药,胶质,进口,100.00,--,--,85.00,90.00,100.00
没药,天然,进口,45.00,40.00,40.00,38.00,38.00,45.00
百部,统片,湖北,38.00,38.00,39.00,38.00,39.00,39.00
百部,选,进口,36.00,36.00,36.00,34.00,36.00,35.00
蚂蚁,黑,贵州,130.00,120.00,120.00,--,130.00,120.00
蚂蚁,红,东北,85.00,75.00,70.00,--,70.00,--
蚂蚁,黄,云南,80.00,--,70.00,--,70.00,--
防风,统片,河北,32.00,31.00,31.00,32.00,32.00,32.00
防风,统片,内蒙古,45.00,45.00,45.00,45.00,45.00,45.00
防风,海拉尔,内蒙古,350.00,350.00,360.00,360.00,360.00,365.00
甜瓜子,统片,安徽,29.00,29.00,33.00,--,29.00,--
天葵子,统片,安徽,65.00,60.00,65.00,60.00,65.00,65.00
海藻,清水,海南,27.00,30.00,31.00,28.00,30.00,29.00
海藻,盐水,海南,13.50,14.00,14.00,15.50,14.00,14.00
冬虫夏草,2000,西藏,170000.00,170000.00,170000.00,170000.00,170000.00,170000.00
冬虫夏草,2200,西藏,150000.00,150000.00,150000.00,150000.00,150000.00,150000.00
冬虫夏草,3500,西藏,90000.00,90000.00,90000.00,90000.00,90000.00,90000.00
冬虫夏草,4000,西藏,72000.00,85000.00,80000.00,85000.00,85000.00,85000.00
冬虫夏草,2000,青海,150000.00,150000.00,150000.00,150000.00,150000.00,155000.00
冬虫夏草,3500,青海,85000.00,90000.00,85000.00,100000.00,85000.00,90000.00
川乌,统片,四川,35.00,--,35.00,35.00,35.00,--
天仙子,根,东北,60.00,--,--,50.00,50.00,--
天仙子,根,广西,32.00,--,--,30.00,30.00,--
紫菀,水洗,安徽,25.00,--,21.00,21.00,22.00,22.00
紫菀,统片,安徽,20.00,18.00,19.00,17.00,19.00,19.00
紫菀,统片,河北,22.00,22.00,23.00,22.00,22.00,22.00
蜂蜡,白,河北,30.00,--,--,--,29.00,--
蜂蜡,黄,河北,35.00,--,--,--,35.00,--
白矾,统片,山东,1.50,--,1.90,1.70,1.80,1.80
马钱子,统片,进口,145.00,--,--,145.00,140.00,--
地枫皮,统片,浙江,11.50,--,--,--,10.00,--
千斤拔,统片,福建,48.00,--,--,--,48.00,--
铁树叶,统片,广西,8.00,--,--,--,7.00,--
紫贝齿,大,福建,22.00,--,--,22.50,22.00,23.00
紫贝齿,小,福建,11.00,--,--,12.00,11.00,12.00
橘红,七爪,广东,13.00,15.00,14.00,17.00,15.00,13.00
橘红,五爪,广东,7.00,8.00,7.50,8.00,8.50,8.00
川木通,统片,四川,12.00,11.00,11.00,10.00,11.00,12.00
木槿花,统片,湖南,50.00,51.00,50.00,50.00,50.00,--
白术,统片,安徽,25.00,25.00,27.00,28.00,27.00,26.00
知母,毛,河北,25.00,24.00,25.00,24.00,25.00,26.00
知母,统片,安徽,22.00,23.00,21.50,22.00,22.00,20.00
知母,肉,河北,28.00,28.00,28.00,25.00,28.00,--
珍珠,统片,浙江,180.00,--,185.00,170.00,185.00,180.00
瓦楞子,统片,山东,1.60,1.80,2.00,1.70,1.90,2.00
狗鞭,统片条,内蒙古,10.00,9.50,8.00,10.00,9.50,10.00
鸡冠花,白,安徽,26.00,26.00,28.00,28.00,28.00,26.00
鸡冠花,红,安徽,24.00,24.00,26.00,26.00,26.00,24.00
干蟾,统片,东北,45.00,55.00,60.00,60.00,60.00,60.00
香橼,统片,广西,15.00,--,--,13.00,15.00,--
伸筋草,统片,湖南,7.20,7.20,7.00,7.00,7.00,7.00
蛇蜕,统片,四川,100.00,100.00,100.00,115.00,100.00,100.00
蛇床子,统片,安徽,18.00,17.00,17.00,17.00,17.00,17.00
山茱萸,5%核,河南,55.00,--,55.00,54.00,57.00,55.00
山茱萸,统片,河南,46.00,48.00,45.00,44.00,45.00,45.00
花生衣,小皮,安徽,2.80,--,4.00,--,3.00,--
花生衣,大皮,安徽,6.50,--,8.00,--,8.00,--
胡芦巴,统片,安徽,11.00,11.00,11.00,11.00,11.00,11.00
刀豆壳,统片,云南,7.00,--,7.00,--,7.50,7.00
胆南星,统片,四川,32.00,--,30.00,--,30.00,--
胆矾,统片,云南,25.00,--,24.00,24.00,24.00,--
合欢米,米,山东,190.00,--,--,--,210.00,--
玉米须,统片,安徽,9.00,--,12.00,11.50,11.00,11.50
鱼脑石,大,浙江,120.00,120.00,120.00,125.00,120.00,130.00
鱼脑石,小,浙江,65.00,78.00,68.00,66.00,65.00,68.00
杠板归,统片,江西,12.00,12.00,12.00,12.00,12.00,12.00
甘遂,统片,山西,90.00,--,80.00,85.00,80.00,80.00
山茱萸,统片,陕西,45.00,--,--,44.00,45.00,--
山茱萸,统片,浙江,47.00,48.00,--,44.00,45.00,45.00
山豆根,统片,湖北,10.00,--,10.00,10.00,10.00,10.00
山慈菇,统片,云南,280.00,280.00,290.00,275.00,280.00,280.00
山慈菇,选,云南,320.00,--,--,--,300.00,310.00
鹿角,马鹿,吉林,240.00,240.00,240.00,240.00,240.00,250.00
鹿角,驯鹿,吉林,180.00,--,170.00,--,170.00,--
荜澄茄,统片,广西,26.00,25.00,--,25.00,26.00,--
川芎,统片,四川,32.00,32.00,35.00,32.00,32.00,32.00
川芎,选,四川,34.00,--,--,34.00,32.00,34.00
五倍子,肚倍,贵州,34.00,33.00,35.00,35.00,35.00,35.00
五倍子,角倍,安徽,29.00,29.00,28.00,28.00,28.00,29.00
溪黄草,统片,河南,5.50,--,--,6.00,6.00,6.00
佛耳草,统片,江苏,5.00,--,--,--,4.00,--
硼砂,统片,东北,5.50,--,--,--,6.00,6.00
倒扣草,统片,安徽,2.80,--,--,--,3.20,--
冰球子,统片,贵州,1450.00,--,1350.00,--,1450.00,--
白附子,统片,东北,120.00,--,--,--,120.00,--
菝葜,统片,江苏,5.00,--,--,--,5.00,--
木槿皮,统片,四川,40.00,--,--,--,40.00,--
藤梨根,统片,安徽,6.00,--,--,--,6.00,--
马尾连,统片,甘肃,17.00,--,--,--,18.00,--
金荞麦,统片,贵州,14.00,14.00,14.00,14.00,15.00,15.00
金不换,统片,广东,13.00,--,--,--,14.00,--
紫苏梗,统片,湖北,5.50,5.00,5.00,4.00,5.00,4.50
紫花地丁,统片,安徽,9.50,9.30,9.50,9.50,9.50,9.00
苦杏仁,去皮,内蒙古,38.00,--,40.00,40.00,40.00,40.00
苦杏仁,统片,内蒙古,35.00,36.00,36.00,36.00,36.00,36.00
卷柏,统片,山东,25.00,25.00,26.00,26.00,24.00,25.00
木棉花,统片,广西,8.00,8.50,--,9.00,9.00,--
牡蛎,统片,山东,1.30,1.20,1.30,1.00,1.00,1.30
牡丹皮,白丹统片,安徽,30.00,32.00,32.00,32.00,32.00,32.00
牡丹皮,白皮选,安徽,35.00,39.00,--,40.00,40.00,41.00
冬虫夏草,4000,青海,70000.00,80000.00,75000.00,85000.00,80000.00,80000.00
益母草,统片,湖北,5.00,4.50,5.00,4.50,4.50,4.50
松香,统片,浙江,15.50,15.50,15.50,15.50,15.50,16.00
水半夏,统片,江西,19.00,--,21.00,21.00,21.00,20.00
石韦,大叶,广西,9.00,9.50,9.50,10.00,10.00,9.50
石韦,小叶,四川,14.00,--,14.50,14.50,14.00,14.00
石楠藤,统片,广西,9.00,--,--,8.00,8.00,--
石楠藤,叶,广西,12.00,--,--,11.50,11.00,--
青葙子,统片,安徽,39.50,38.00,39.00,38.00,39.00,39.00
苎麻根,统片,江西,10.00,--,--,--,11.00,--
肿节风,统片,江西,11.00,10.00,10.00,10.00,10.00,10.00
枳壳,统片,湖南,23.00,24.00,23.00,24.00,24.00,25.00
枳壳,统片,江西,24.00,24.00,23.00,24.00,24.00,25.00
枳壳,统片,浙江,22.00,--,--,--,22.00,23.00
青皮,个1.2,浙江,--,8.00,8.50,--,--,--
青皮,个1.2,浙江,--,--,14.50,--,--,--
青皮,个1.5,浙江,--,--,5.50,--,--,--
青皮,四花,浙江,15.50,15.50,15.50,17.00,17.00,16.00
青皮,统片,江西,8.50,--,--,9.00,9.00,9.00
蝉蜕,水洗,山东,380.00,360.00,360.00,360.00,360.00,350.00
罗汉果,中,广西,1.10,1.00,1.00,1.00,1.00,1.00
地肤子,统片,黑龙江,16.00,16.00,16.00,16.00,16.00,16.00
地肤子,水洗,黑龙江,23.00,22.00,23.00,23.00,23.00,23.00
虎耳草,统片,山东,22.00,--,--,--,26.00,--
厚朴花,统片,四川,50.00,50.00,50.00,--,50.00,50.00
灯心草,整草,江西,200.00,200.00,200.00,200.00,205.00,205.00
稻芽,统片,安徽,4.50,4.50,4.60,4.80,4.60,4.80
郁金,川郁金,四川,--,--,110.00,--,--,--
郁金,桂郁金,广西,25.00,27.00,30.00,27.00,29.00,31.00
郁金,温郁金,浙江,28.00,30.00,--,--,30.00,33.00
高良姜,统片,广东,32.00,33.00,33.00,32.00,33.00,32.00
干姜,柴姜,山东,9.00,11.00,--,--,11.00,11.00
干姜,粉姜,贵州,16.00,17.00,17.00,17.00,17.00,17.00
干姜,粉片,云南,18.00,--,18.00,18.00,18.00,--
功劳木,统片,浙江,5.00,--,--,6.00,5.00,--
灵芝孢子粉,统片,东北,210.00,--,--,220.00,210.00,210.00
地胆草,统片,广西,14.50,--,--,15.00,15.00,--
升麻,统片,进口,64.00,62.00,62.00,62.00,62.00,63.00
升麻,统片,内蒙古,68.00,69.00,67.00,67.00,70.00,67.00
商陆,统片,湖北,5.00,--,6.00,6.00,5.00,6.00
蝉蜕,统片,山东,320.00,300.00,300.00,295.00,260.00,295.00
萹蓄,统片,安徽,13.00,14.00,15.00,14.00,15.00,14.00
青蒿,统片,安徽,5.00,5.00,3.80,5.00,5.00,5.00
茜草,统片,山西,70.00,70.00,70.00,70.00,70.00,70.00
茜草,选,河南,160.00,--,--,--,160.00,--
芡实,两瓣,广东,24.00,24.50,24.00,24.00,24.00,25.00
芡实,两瓣,山东,24.00,22.50,22.00,--,22.00,23.00
芡实,碎粒,广东,17.00,15.50,15.00,15.00,15.00,15.50
芡实,圆粒,广东,27.00,26.00,26.00,25.00,26.00,25.00
泽泻,统片,福建,28.00,30.00,--,--,25.00,27.00
泽泻,统片,广西,27.00,--,--,27.00,26.00,--
泽泻,统片,四川,26.00,30.00,27.00,27.00,26.00,26.00
小茴香,统片,甘肃,14.00,14.00,14.00,13.00,14.00,14.00
鸡骨草,家种,广西,10.00,11.00,10.00,10.00,10.00,10.00
鸡骨草,野生,广西,23.00,--,23.00,22.00,24.00,24.00
千年健,统片,广西,30.00,31.00,30.00,30.00,30.00,31.00
麻黄,把草,内蒙古,16.00,--,17.00,--,17.00,15.00
麻黄,统片,内蒙古,15.00,16.00,16.00,--,16.00,14.00
罗汉果,大,广西,1.30,1.40,1.40,1.40,1.40,1.40
罗汉果,小,广西,0.80,0.70,0.70,0.70,0.70,0.75
鹿衔草,统片,河北,29.00,29.00,29.00,30.00,29.00,26.00
鹿角霜,统片,吉林,48.00,45.00,45.00,48.00,50.00,50.00
蒲黄,粗,内蒙古,38.00,30.00,40.00,38.00,38.00,38.00
蒲黄,细,内蒙古,60.00,53.00,65.00,65.00,65.00,65.00
半边莲,水洗,江苏,20.00,--,--,14.00,20.00,--
半边莲,统片,江苏,19.00,19.00,19.00,13.00,19.00,18.00
枇杷叶,统片,广西,3.50,3.50,4.00,4.00,4.00,4.00
桑寄生,统片,广西,8.00,8.00,6.50,7.00,7.00,7.50
茯苓皮,统片,安徽,8.00,7.00,7.00,--,7.50,7.50
芙蓉花,统片,湖南,48.00,46.00,47.00,45.00,45.00,47.00
佛手花,统片,广东,110.00,110.00,110.00,--,110.00,110.00
玳玳花,统片,江苏,110.00,135.00,140.00,--,140.00,--
大枣,食用,山东,15.00,14.00,14.00,--,15.00,--
大枣,食用,新疆,20.00,--,21.00,--,21.00,22.00
大枣,药用统片,山东,6.00,5.50,5.00,7.00,5.00,6.00
大枣,药用统片,新疆,6.00,7.00,6.00,6.00,6.00,7.00
大枫子,统片,海南,32.00,32.00,32.00,32.00,30.00,32.00
淫羊藿,统片,东北,130.00,130.00,130.00,--,135.00,135.00
淫羊藿,统片,甘肃,150.00,150.00,145.00,150.00,150.00,150.00
淫羊藿,统片,四川,55.00,50.00,50.00,50.00,55.00,55.00
粉葛,小丁,广西,12.00,11.50,12.00,11.50,12.00,12.00
榧子,统片,浙江,32.00,28.00,28.00,28.00,26.00,28.00
番泻叶,统片,广东,8.00,8.00,8.00,8.00,8.00,8.00
番泻叶,统片,进口,9.00,10.00,10.00,10.00,10.00,10.00
番石榴,叶,广东,6.00,--,7.00,7.50,7.50,7.00
番石榴,果实,广东,14.00,--,--,--,11.00,--
土茯苓,统片,江西,38.00,38.00,32.00,33.00,33.00,38.00
葶苈子,统片,湖南,10.00,13.00,13.00,13.00,13.00,12.00
杜仲,身皮,河南,16.00,16.00,15.50,15.50,16.00,16.00
杜仲,枝皮,河南,11.50,11.00,10.50,11.00,12.00,12.00
独活,统片,甘肃,13.00,14.00,14.50,15.50,14.50,14.00
独活,统片,湖北,12.50,13.00,12.50,14.50,12.50,12.50
红参,30支,吉林,300.00,320.00,380.00,380.00,360.00,350.00
红参,60支,吉林,235.00,250.00,240.00,280.00,240.00,240.00
红参,小抄,吉林,190.00,180.00,180.00,165.00,160.00,185.00
红参,压片,吉林,280.00,340.00,300.00,280.00,280.00,290.00
荷叶,统片,湖南,12.00,12.00,12.50,13.00,9.50,14.00
荷叶,选,湖南,17.00,17.00,17.00,17.00,17.00,17.00
野菊花,颗粒,湖北,45.00,46.00,48.00,48.00,48.00,48.00
野菊花,统片,湖北,37.00,36.00,39.00,39.00,39.00,39.00
牡丹皮,黑皮大统片,安徽,24.00,24.00,24.00,24.00,24.00,25.00
牡丹皮,黑皮小统片,安徽,18.00,20.00,20.00,20.00,20.00,20.00
白蔹,统片,安徽,58.00,55.00,58.00,58.00,58.00,50.00
白及,统片,贵州,90.00,90.00,90.00,85.00,90.00,95.00
白及,选,贵州,100.00,--,100.00,105.00,100.00,100.00
绵萆薢,统片,云南,20.00,20.00,20.00,20.00,20.00,20.00
密蒙花,统片,湖南,50.00,45.00,46.00,46.00,42.00,46.00
玫瑰花,统片,甘肃,59.00,59.00,60.00,65.00,62.00,60.00
玫瑰花,统片,山东,55.00,50.00,55.00,55.00,55.00,54.00
玫瑰花,粉玫瑰,进口,90.00,95.00,95.00,--,95.00,--
锦灯笼,纯红,东北,100.00,--,105.00,--,100.00,--
锦灯笼,统片,东北,60.00,55.00,60.00,--,55.00,--
白薇,家种统片,甘肃,10.00,9.00,10.00,10.00,10.00,10.00
白薇,野生,山东,39.00,40.00,40.00,45.00,45.00,40.00
白薇,野生,东北,39.00,--,40.00,--,45.00,40.00
蔓荆子,统片,云南,50.00,45.00,50.00,50.00,50.00,50.00
蔓荆子,统片,江西,75.00,75.00,75.00,75.00,75.00,75.00
马齿苋,统片,安徽,22.00,21.00,23.00,23.00,22.50,21.00
粉葛,大丁,广西,12.00,10.50,11.00,11.50,11.00,11.00
粉葛,中心丁,广西,13.00,12.50,13.00,13.50,13.00,13.00
阳起石,统片,河南,2.80,3.00,3.00,2.50,3.00,3.00
铁皮石斛,统片条,云南,300.00,300.00,350.00,300.00,350.00,300.00
铁皮石斛,铁皮枫斗,云南,350.00,--,400.00,--,400.00,350.00
肉苁蓉,统片,青海,65.00,60.00,--,70.00,65.00,65.00
肉苁蓉,统片,进口,125.00,120.00,115.00,120.00,120.00,125.00
肉苁蓉,野生软,新疆,120.00,140.00,135.00,145.00,140.00,145.00
肉苁蓉,家种硬,新疆,58.00,58.00,55.00,50.00,55.00,55.00
肉苁蓉,软,青海,60.00,60.00,--,60.00,65.00,--
人参叶,统片,吉林,55.00,55.00,--,--,55.00,55.00
拳参,统片,甘肃,32.00,31.00,34.00,27.00,31.00,--
寻骨风,叶,湖北,6.50,6.00,6.00,6.50,6.00,6.50
天山雪莲,散统片,新疆,150.00,150.00,140.00,--,140.00,--
广金钱草,统片,广西,9.50,9.50,9.50,9.00,9.50,9.50
柴胡,统片,甘肃,65.00,65.00,75.00,76.00,60.00,65.00
柴胡,统片,内蒙古,95.00,85.00,--,88.00,90.00,85.00
柴胡,统片,山西,75.00,75.00,78.00,79.00,76.00,78.00
鳖甲,统片,湖南,120.00,115.00,115.00,110.00,110.00,110.00
谷芽,统片,浙江,8.50,9.00,8.50,9.00,9.00,8.50
枳椇子,统片,陕西,25.00,--,25.00,25.00,25.00,25.00
知母,毛,安徽,21.00,--,20.00,22.00,20.00,19.00
